site_id,glacier_id,observation_date,area_km2,area_uncertainty_km2,retreat_distance_m,terminus_distance_m,terminus_error_m,annualised_retreat_rate_m_per_year,lake_area_km2,lake_area_change_percent,glacier_lake_distance_m,image_quality,processing_version
south-lhonak,RGI2000-v7.0-G-15-07986,2016-10-15,14.26,0.234,0.0,212.0,15,,1.18,0.0,18.0,excellent,phase-2-retreat-v1.0
south-lhonak,RGI2000-v7.0-G-15-07986,2017-10-15,14.098,0.231,68.4,280.4,15,68.4,1.287,9.1,20.8,excellent,phase-2-retreat-v1.0
south-lhonak,RGI2000-v7.0-G-15-07986,2018-10-15,13.986,0.23,115.9,327.9,23,47.5,1.364,15.6,20.6,excellent,phase-2-retreat-v1.0
south-lhonak,RGI2000-v7.0-G-15-07986,2019-10-15,13.818,0.227,193.3,405.3,15,77.5,1.491,26.4,25.4,excellent,phase-2-retreat-v1.0
south-lhonak,RGI2000-v7.0-G-15-07986,2020-10-15,13.711,0.226,235.8,447.8,15,42.4,1.559,32.1,24.2,excellent,phase-2-retreat-v1.0
south-lhonak,RGI2000-v7.0-G-15-07986,2021-10-15,13.539,0.223,311.2,523.2,15,75.5,1.676,42.0,28.0,excellent,phase-2-retreat-v1.0
south-lhonak,RGI2000-v7.0-G-15-07986,2022-10-15,13.422,0.221,358.7,570.7,15,47.5,1.763,49.4,28.8,excellent,phase-2-retreat-v1.0
south-lhonak,RGI2000-v7.0-G-15-07986,2023-10-15,13.244,0.219,434.1,646.1,15,75.5,1.37,16.1,32.6,excellent,phase-2-retreat-v1.0
south-lhonak,RGI2000-v7.0-G-15-07986,2024-10-15,13.132,0.217,476.6,688.6,15,42.4,1.43,21.2,31.4,excellent,phase-2-retreat-v1.0
south-lhonak,RGI2000-v7.0-G-15-07986,2025-10-15,12.98,0.215,549.0,761.0,15,72.4,1.48,25.4,35.2,excellent,phase-2-retreat-v1.0
tsho-rolpa,RGI2000-v7.0-G-15-10433,2016-10-15,17.82,0.287,0.0,180.0,15,,1.48,0.0,22.0,excellent,phase-2-retreat-v1.0
tsho-rolpa,RGI2000-v7.0-G-15-10433,2017-10-15,17.706,0.286,43.3,223.3,15,43.3,1.502,1.5,24.8,excellent,phase-2-retreat-v1.0
tsho-rolpa,RGI2000-v7.0-G-15-10433,2018-10-15,17.641,0.285,65.7,245.7,23,22.4,1.508,1.9,24.6,excellent,phase-2-retreat-v1.0
tsho-rolpa,RGI2000-v7.0-G-15-10433,2019-10-15,17.522,0.283,118.0,298.0,15,52.3,1.54,4.1,29.4,excellent,phase-2-retreat-v1.0
tsho-rolpa,RGI2000-v7.0-G-15-10433,2020-10-15,17.462,0.282,135.3,315.3,15,17.3,1.542,4.2,28.2,excellent,phase-2-retreat-v1.0
tsho-rolpa,RGI2000-v7.0-G-15-10433,2021-10-15,17.338,0.28,185.7,365.7,15,50.4,1.568,5.9,32.0,excellent,phase-2-retreat-v1.0
tsho-rolpa,RGI2000-v7.0-G-15-10433,2022-10-15,17.268,0.279,208.0,388.0,15,22.3,1.58,6.8,32.8,excellent,phase-2-retreat-v1.0
tsho-rolpa,RGI2000-v7.0-G-15-10433,2023-10-15,17.139,0.277,258.3,438.3,15,50.3,1.605,8.4,36.6,excellent,phase-2-retreat-v1.0
tsho-rolpa,RGI2000-v7.0-G-15-10433,2024-10-15,17.074,0.276,275.7,455.7,15,17.4,1.609,8.7,35.4,excellent,phase-2-retreat-v1.0
tsho-rolpa,RGI2000-v7.0-G-15-10433,2025-10-15,16.97,0.275,323.0,503.0,15,47.3,1.636,10.5,39.2,excellent,phase-2-retreat-v1.0
imja-tsho,RGI2000-v7.0-G-15-10232,2016-10-15,8.12,0.142,0.0,165.0,15,,1.26,0.0,15.0,excellent,phase-2-retreat-v1.0
imja-tsho,RGI2000-v7.0-G-15-10232,2017-10-15,8.028,0.14,53.6,218.6,15,53.6,1.279,1.5,17.8,excellent,phase-2-retreat-v1.0
imja-tsho,RGI2000-v7.0-G-15-10232,2018-10-15,7.986,0.14,86.1,251.1,23,32.5,1.284,1.9,17.6,excellent,phase-2-retreat-v1.0
imja-tsho,RGI2000-v7.0-G-15-10232,2019-10-15,7.888,0.138,148.7,313.7,15,62.6,1.313,4.2,22.4,excellent,phase-2-retreat-v1.0
imja-tsho,RGI2000-v7.0-G-15-10232,2020-10-15,7.851,0.138,176.2,341.2,15,27.4,1.313,4.2,21.2,excellent,phase-2-retreat-v1.0
imja-tsho,RGI2000-v7.0-G-15-10232,2021-10-15,7.749,0.136,236.8,401.8,15,60.6,1.337,6.1,25.0,excellent,phase-2-retreat-v1.0
imja-tsho,RGI2000-v7.0-G-15-10232,2022-10-15,7.702,0.136,269.3,434.3,15,32.5,1.347,6.9,25.8,excellent,phase-2-retreat-v1.0
imja-tsho,RGI2000-v7.0-G-15-10232,2023-10-15,7.594,0.134,329.9,494.9,15,60.6,1.369,8.7,29.6,excellent,phase-2-retreat-v1.0
imja-tsho,RGI2000-v7.0-G-15-10232,2024-10-15,7.552,0.133,357.4,522.4,15,27.4,1.372,8.9,28.4,excellent,phase-2-retreat-v1.0
imja-tsho,RGI2000-v7.0-G-15-10232,2025-10-15,7.47,0.132,415.0,580.0,15,57.6,1.396,10.8,32.2,excellent,phase-2-retreat-v1.0
thulagi,RGI2000-v7.0-G-15-09021,2016-10-15,6.92,0.124,0.0,142.0,15,,0.82,0.0,35.0,excellent,phase-2-retreat-v1.0
thulagi,RGI2000-v7.0-G-15-09021,2017-10-15,6.847,0.123,40.2,182.2,15,40.2,0.838,2.2,37.8,excellent,phase-2-retreat-v1.0
thulagi,RGI2000-v7.0-G-15-09021,2018-10-15,6.823,0.122,59.4,201.4,23,19.2,0.842,2.7,37.6,excellent,phase-2-retreat-v1.0
thulagi,RGI2000-v7.0-G-15-09021,2019-10-15,6.745,0.121,108.7,250.7,15,49.3,0.87,6.1,42.4,excellent,phase-2-retreat-v1.0
thulagi,RGI2000-v7.0-G-15-09021,2020-10-15,6.727,0.121,122.9,264.9,15,14.2,0.868,5.9,41.2,excellent,phase-2-retreat-v1.0
thulagi,RGI2000-v7.0-G-15-09021,2021-10-15,6.643,0.12,170.1,312.1,15,47.2,0.892,8.8,45.0,excellent,phase-2-retreat-v1.0
thulagi,RGI2000-v7.0-G-15-09021,2022-10-15,6.615,0.119,189.3,331.3,15,19.2,0.9,9.8,45.8,excellent,phase-2-retreat-v1.0
thulagi,RGI2000-v7.0-G-15-09021,2023-10-15,6.527,0.118,236.6,378.6,15,47.3,0.921,12.3,49.6,excellent,phase-2-retreat-v1.0
thulagi,RGI2000-v7.0-G-15-09021,2024-10-15,6.503,0.118,250.8,392.8,15,14.2,0.923,12.6,48.4,excellent,phase-2-retreat-v1.0
thulagi,RGI2000-v7.0-G-15-09021,2025-10-15,6.44,0.117,295.0,437.0,15,44.2,0.946,15.4,52.2,excellent,phase-2-retreat-v1.0
chhota-shigri,RGI2000-v7.0-G-14-15901,2016-10-15,16.48,0.267,0.0,195.0,15,,0.35,0.0,28.0,excellent,phase-2-retreat-v1.0
chhota-shigri,RGI2000-v7.0-G-14-15901,2017-10-15,16.343,0.265,50.2,245.2,15,50.2,0.362,3.4,30.8,excellent,phase-2-retreat-v1.0
chhota-shigri,RGI2000-v7.0-G-14-15901,2018-10-15,16.257,0.264,79.4,274.4,23,29.2,0.358,2.3,30.6,excellent,phase-2-retreat-v1.0
chhota-shigri,RGI2000-v7.0-G-14-15901,2019-10-15,16.115,0.262,138.7,333.7,15,59.3,0.38,8.6,35.4,excellent,phase-2-retreat-v1.0
chhota-shigri,RGI2000-v7.0-G-14-15901,2020-10-15,16.033,0.26,162.9,357.9,15,24.1,0.372,6.3,34.2,excellent,phase-2-retreat-v1.0
chhota-shigri,RGI2000-v7.0-G-14-15901,2021-10-15,15.887,0.258,220.1,415.1,15,57.2,0.388,10.9,38.0,excellent,phase-2-retreat-v1.0
chhota-shigri,RGI2000-v7.0-G-14-15901,2022-10-15,15.795,0.257,249.3,444.3,15,29.2,0.39,11.4,38.8,excellent,phase-2-retreat-v1.0
chhota-shigri,RGI2000-v7.0-G-14-15901,2023-10-15,15.643,0.255,306.6,501.6,15,57.3,0.405,15.7,42.6,excellent,phase-2-retreat-v1.0
chhota-shigri,RGI2000-v7.0-G-14-15901,2024-10-15,15.557,0.253,330.8,525.8,15,24.1,0.399,14.0,41.4,excellent,phase-2-retreat-v1.0
chhota-shigri,RGI2000-v7.0-G-14-15901,2025-10-15,15.43,0.251,385.0,580.0,15,54.2,0.416,18.9,45.2,excellent,phase-2-retreat-v1.0
